{"initial_reset_timestamp": 435.9475678, "timestamps": [437.8748404, 438.9912825, 439.6577267, 440.3751711], "episode_lengths": [15, 19, 10, 13], "episode_rewards": [15.0, 19.0, 10.0, 13.0], "episode_types": ["t", "t", "t", "t", "t"]}