{"initial_reset_timestamp": 6234.1086371, "timestamps": [6237.0414921, 6238.6077097, 6239.6567748, 6240.8409797], "episode_lengths": [12, 17, 19, 9], "episode_rewards": [12.0, 17.0, 19.0, 9.0], "episode_types": ["t", "t", "t", "t", "t"]}