{"initial_reset_timestamp": 18.3769947, "timestamps": [20.4218616, 21.1381866, 21.8720516], "episode_lengths": [24, 12, 11], "episode_rewards": [24.0, 12.0, 11.0], "episode_types": ["t", "t", "t", "t"]}